name,datetime,temp,feelslike,dew,humidity,precip,precipprob,preciptype,snow,snowdepth,windgust,windspeed,winddir,sealevelpressure,cloudcover,visibility,solarradiation,solarenergy,uvindex,severerisk,conditions,icon,stations
"-22.846597372875394, -42.63389168107096",2023-11-02T00:00:00,23,23,19.5,81.01,0,0,rain,0,0,14.8,10.9,227,1013,88,10,0,0,0,10,Partially cloudy,partly-cloudy-night,"SBRJ,SBGL"
"-22.846597372875394, -42.63389168107096",2023-11-02T01:00:00,22.5,22.5,19,80.28,0.1,100,rain,0,0,14.4,10.1,243,1012.4,93.2,10,0,0,0,10,"Rain, Overcast",rain,"SBRJ,SBGL"
"-22.846597372875394, -42.63389168107096",2023-11-02T02:00:00,22,22,19.5,86.09,0.1,100,rain,0,0,9.4,2.3,295,1012,93.2,9.4,0,0,0,10,"Rain, Overcast",rain,"SBRJ,SBGL"
"-22.846597372875394, -42.63389168107096",2023-11-02T03:00:00,21,21,19.5,91.52,0.1,100,rain,0,0,8.3,4.8,78,1012,100,5.8,0,0,0,10,"Rain, Overcast",rain,"SBRJ,SBGL"
"-22.846597372875394, -42.63389168107096",2023-11-02T04:00:00,21.4,21.4,19.5,89.12,0,0,rain,0,0,8.3,6.9,230,1012.4,100,8,0,0,0,10,Overcast,cloudy,"SBRJ,SBGL"
"-22.846597372875394, -42.63389168107096",2023-11-02T05:00:00,21.6,21.6,19.3,86.94,0.2,100,rain,0,0,7.6,10.1,239,1013,91.3,8.7,0,0,0,10,"Rain, Overcast",rain,"SBRJ,SBGL,SBES"
"-22.846597372875394, -42.63389168107096",2023-11-02T06:00:00,21.9,21.9,19.5,85.86,0.1,100,rain,0,0,6.5,8.4,293,1013.3,90.5,10,7,0,0,10,"Rain, Overcast",rain,"SBRJ,SBGL,SBCB,SBES"
"-22.846597372875394, -42.63389168107096",2023-11-02T07:00:00,22.8,22.8,20.5,86.98,0.2,100,rain,0,0,7.9,7.9,277,1014.1,87.2,9.8,43,0.2,0,10,"Rain, Partially cloudy",rain,"SBRJ,SBJR,SBGL,SBAF,SBCB,SBES"
"-22.846597372875394, -42.63389168107096",2023-11-02T08:00:00,23.4,23.4,20,81.46,0,0,rain,0,0,10.1,7.8,316,1014.1,80,8.8,288,1,3,10,Partially cloudy,partly-cloudy-day,"SBRJ,SBJR,SBGL,SBAF,F0496,SBCB,SBES"
"-22.846597372875394, -42.63389168107096",2023-11-02T09:00:00,24,24,20.4,80.43,0.1,100,rain,0,0,11.9,10,284,1014.8,79.6,8.8,378,1.4,4,10,"Rain, Partially cloudy",rain,"SBRJ,SBJR,SBGL,SBAF,F0496,SBCB,SBES"
"-22.846597372875394, -42.63389168107096",2023-11-02T10:00:00,24.8,24.8,19.9,74.36,0,0,rain,0,0,11.9,12.4,298,1014.3,87.6,9.8,527,1.9,5,10,Partially cloudy,partly-cloudy-day,"SBRJ,SBJR,SBGL,SBAF,F0496,SBCB,SBES"
"-22.846597372875394, -42.63389168107096",2023-11-02T11:00:00,25.1,25.1,20.1,73.94,0,0,rain,0,0,9.7,15.2,184,1013.8,83.9,10,501,1.8,5,10,Partially cloudy,partly-cloudy-day,"SBRJ,SBJR,SBGL,SBAF,F0496,SBCB,SBES"
"-22.846597372875394, -42.63389168107096",2023-11-02T12:00:00,25.6,25.6,20.1,71.73,0,0,,0,0,9.4,14.8,184,1013.3,72.5,10,165,0.6,2,10,Partially cloudy,partly-cloudy-day,"SBRJ,SBJR,SBGL,SBAF,F0496,SBCB,SBES"
"-22.846597372875394, -42.63389168107096",2023-11-02T13:00:00,25,25,20.2,74.42,0,0,,0,0,10.8,16.1,189,1012.8,80.6,10,193,0.7,2,10,Partially cloudy,partly-cloudy-day,"SBRJ,SBJR,SBGL,SBAF,F0496,SBCB,SBES"
"-22.846597372875394, -42.63389168107096",2023-11-02T14:00:00,24.6,24.6,20.2,76.61,0,0,,0,0,11.5,14.3,186,1012.1,83.8,10,274,1,3,10,Partially cloudy,partly-cloudy-day,"SBRJ,SBJR,SBGL,SBAF,F0496,SBCB,SBES"
"-22.846597372875394, -42.63389168107096",2023-11-02T15:00:00,24.4,24.4,20.3,77.82,0,0,,0,0,11.5,14,180,1011.6,81.8,10,357,1.3,4,10,Partially cloudy,partly-cloudy-day,"SBRJ,SBJR,SBGL,F0496,SBCB,SBES"
"-22.846597372875394, -42.63389168107096",2023-11-02T16:00:00,23.8,23.8,20.3,80.6,0,0,,0,0,10.8,13.8,180,1011.5,86.4,10,422,1.5,4,10,Partially cloudy,partly-cloudy-day,"SBRJ,SBJR,SBGL,SBAF,F0496,SBCB,SBES"
"-22.846597372875394, -42.63389168107096",2023-11-02T17:00:00,23.7,23.7,20.5,82.49,0,0,,0,0,6.1,10.7,177,1011.6,86.4,10,109,0.4,1,10,Partially cloudy,partly-cloudy-day,"SBRJ,SBJR,SBGL,SBAF,F0496,SBCB,SBES"
"-22.846597372875394, -42.63389168107096",2023-11-02T18:00:00,23.3,23.3,19.7,80.2,0,0,,0,0,3.2,10.4,155,1011.8,87.7,10,12,0,0,10,Partially cloudy,partly-cloudy-day,"SBRJ,SBJR,SBGL,SBAF,SBCB,SBES"
"-22.846597372875394, -42.63389168107096",2023-11-02T19:00:00,23.1,23.1,19.8,81.75,0,0,,0,0,2.5,9.4,180,1012.2,100,10,0,0,0,10,Overcast,cloudy,"SBRJ,SBJR,SBGL,SBAF"
"-22.846597372875394, -42.63389168107096",2023-11-02T20:00:00,23.1,23.1,19.6,80.61,0,0,,0,0,2.2,8.8,154,1012.6,100,10,0,0,0,10,Overcast,cloudy,"SBRJ,SBJR,SBGL,SBAF"
"-22.846597372875394, -42.63389168107096",2023-11-02T21:00:00,22.9,22.9,20.4,85.58,0,0,,0,0,3.2,6.9,71,1012.6,100,10,0,0,0,10,Overcast,cloudy,"SBRJ,SBJR,SBGL"
"-22.846597372875394, -42.63389168107096",2023-11-02T22:00:00,23,23,20,83.22,0,0,,0,0,3.6,7.6,109,1012.4,100,10,0,0,0,10,Overcast,cloudy,"SBRJ,SBGL"
"-22.846597372875394, -42.63389168107096",2023-11-02T23:00:00,20.9,20.9,18.8,87.79,0,0,,0,0,3.6,3.6,58.3,1013,70.1,24.1,0,0,0,10,Partially cloudy,partly-cloudy-night,
"-22.846597372875394, -42.63389168107096",2023-11-03T00:00:00,20.7,20.7,18.7,88.32,0,0,,0,0,3.6,3.6,56.9,1013,80.7,24.1,0,0,0,10,Partially cloudy,partly-cloudy-night,
"-22.846597372875394, -42.63389168107096",2023-11-03T01:00:00,20.7,20.7,18.7,88.32,0,0,,0,0,3.6,4,77.3,1012,38.4,24.1,0,0,0,10,Partially cloudy,partly-cloudy-night,
"-22.846597372875394, -42.63389168107096",2023-11-03T02:00:00,20.1,20.1,18.5,90.52,0,0,,0,0,3.6,3.6,74.9,1011,2.7,24.1,0,0,0,10,Clear,clear-night,
"-22.846597372875394, -42.63389168107096",2023-11-03T03:00:00,19.8,19.8,18.2,90.5,0,0,,0,0,5,5.4,68.8,1011,0,24.1,0,0,0,10,Clear,clear-night,
"-22.846597372875394, -42.63389168107096",2023-11-03T04:00:00,19.6,19.6,18,90.48,0,0,,0,0,4.7,5,88.1,1011,0.3,24.1,0,0,0,10,Clear,clear-night,
"-22.846597372875394, -42.63389168107096",2023-11-03T05:00:00,19.5,19.5,17.8,89.91,0,0,,0,0,5,5,85.7,1011,0,24.1,0,0,0,10,Clear,clear-night,
"-22.846597372875394, -42.63389168107096",2023-11-03T06:00:00,20.7,20.7,18.4,86.68,0,0,,0,0,6.8,4.7,79.6,1011,5,24.1,43,0.2,0,10,Clear,clear-day,
"-22.846597372875394, -42.63389168107096",2023-11-03T07:00:00,23.1,23.1,18.9,77.25,0,0,,0,0,5.8,4,79.1,1011,3.7,24.1,245,0.9,2,10,Clear,clear-day,
"-22.846597372875394, -42.63389168107096",2023-11-03T08:00:00,25.5,25.5,19.7,70.31,0,0,,0,0,7.2,5,78,1011,4.7,24.1,480,1.7,5,10,Clear,clear-day,
"-22.846597372875394, -42.63389168107096",2023-11-03T09:00:00,27.7,29.4,20.4,64.49,0,0,,0,0,10.8,6.5,63.9,1010,0,24.1,697,2.5,7,10,Clear,clear-day,
"-22.846597372875394, -42.63389168107096",2023-11-03T10:00:00,30,32.6,21.2,59.29,0,0,,0,0,15.1,7.2,55.5,1009,0,24.1,870,3.1,9,3,Clear,clear-day,
"-22.846597372875394, -42.63389168107096",2023-11-03T11:00:00,32.3,35.3,21.2,52.01,0,0,,0,0,14.8,5.8,24,1008,0,24.1,983,3.5,10,10,Clear,clear-day,
"-22.846597372875394, -42.63389168107096",2023-11-03T12:00:00,33.7,37,21.2,48.07,0,0,,0,0,14.8,8.3,341.3,1007,0,24.1,1026,3.7,10,10,Clear,clear-day,
"-22.846597372875394, -42.63389168107096",2023-11-03T13:00:00,34,37.2,21,46.69,0,0,,0,0,17.3,13.7,338.7,1006,0,24.1,996,3.6,10,30,Clear,clear-day,
"-22.846597372875394, -42.63389168107096",2023-11-03T14:00:00,34,37.3,21.1,46.98,0,0,,0,0,18,15.5,345.4,1005,0,24.1,896,3.2,9,30,Clear,clear-day,
"-22.846597372875394, -42.63389168107096",2023-11-03T15:00:00,33.8,37.4,21.5,48.69,0,0,,0,0,18,14.8,346.1,1004,0,24.1,735,2.6,7,30,Clear,clear-day,
"-22.846597372875394, -42.63389168107096",2023-11-03T16:00:00,33.3,38.3,23,54.86,0,0,,0,0,18.4,11.5,356.6,1003,0.1,24.1,524,1.9,5,60,Clear,clear-day,
"-22.846597372875394, -42.63389168107096",2023-11-03T17:00:00,31.3,36.9,24.1,65.64,0,0,,0,0,15.1,8.6,39.1,1003,0.1,24.1,288,1,3,75,Clear,clear-day,
"-22.846597372875394, -42.63389168107096",2023-11-03T18:00:00,28.1,31.6,23.5,76.13,0,0,,0,0,8.6,7.6,61.7,1003,5,24.1,68,0.2,1,15,Clear,clear-day,
"-22.846597372875394, -42.63389168107096",2023-11-03T19:00:00,26.6,26.6,23.2,81.63,0,0,,0,0,8.3,8.3,58,1003,5,24.1,0,0,0,15,Clear,clear-night,
"-22.846597372875394, -42.63389168107096",2023-11-03T20:00:00,25.9,25.9,23,84.06,0,0,,0,0,6.8,6.8,41.1,1005,31.5,24.1,0,0,0,15,Partially cloudy,partly-cloudy-night,
"-22.846597372875394, -42.63389168107096",2023-11-03T21:00:00,25.4,25.4,22.6,84.51,0,0,,0,0,6.8,6.1,15.1,1005,55.4,24.1,0,0,0,15,Partially cloudy,partly-cloudy-night,
"-22.846597372875394, -42.63389168107096",2023-11-03T22:00:00,25.2,25.2,22.2,83.47,0,57.1,rain,0,0,9,7.9,52.5,1005,58.4,24.1,0,0,0,5,"Rain, Partially cloudy",rain,
"-22.846597372875394, -42.63389168107096",2023-11-03T23:00:00,25,25,21.9,82.94,0.1,57.1,rain,0,0,4,2.2,265.3,1005,98.5,24.1,0,0,0,5,"Rain, Overcast",rain,
"-22.846597372875394, -42.63389168107096",2023-11-04T00:00:00,23.6,23.6,22.6,94.13,0.7,57.1,rain,0,0,19.1,7.9,265.1,1007,98.3,24.1,0,0,0,5,"Rain, Overcast",rain,
"-22.846597372875394, -42.63389168107096",2023-11-04T01:00:00,22.9,22.9,22.4,97.01,0,57.1,rain,0,0,7.6,6.5,344.9,1006,99.4,24.1,0,0,0,5,"Rain, Overcast",rain,
"-22.846597372875394, -42.63389168107096",2023-11-04T02:00:00,22.6,22.6,22.1,97,0,57.1,rain,0,0,1.8,1.4,329.5,1004,17.8,24.1,0,0,0,5,Rain,rain,
"-22.846597372875394, -42.63389168107096",2023-11-04T03:00:00,22.5,22.5,21.9,96.41,0,57.1,rain,0,0,1.4,1.1,344.7,1005,49.2,24.1,0,0,0,5,"Rain, Partially cloudy",rain,
"-22.846597372875394, -42.63389168107096",2023-11-04T04:00:00,22.8,22.8,21.8,94.1,0,38.1,,0,0,6.1,6.5,56.1,1004,87.9,24.1,0,0,0,5,Partially cloudy,partly-cloudy-night,
"-22.846597372875394, -42.63389168107096",2023-11-04T05:00:00,23.2,23.2,22,92.97,0,38.1,,0,0,2.5,2.2,135.3,1005,97.7,24.1,0,0,0,5,Overcast,cloudy,
"-22.846597372875394, -42.63389168107096",2023-11-04T06:00:00,23.6,23.6,22.3,92.43,0,38.1,,0,0,7.2,5.8,218.6,1006,65.5,24.1,16,0.1,0,5,Partially cloudy,partly-cloudy-day,
"-22.846597372875394, -42.63389168107096",2023-11-04T07:00:00,24.7,24.7,22.8,89.19,0,38.1,,0,0,15.1,6.8,242.6,1008,16.7,24.1,156,0.6,2,3,Clear,clear-day,
"-22.846597372875394, -42.63389168107096",2023-11-04T08:00:00,26.4,26.4,22.9,81.11,0,38.1,,0,0,15.8,10.1,230.1,1008,36.3,24.1,469,1.7,5,30,Partially cloudy,partly-cloudy-day,
"-22.846597372875394, -42.63389168107096",2023-11-04T09:00:00,27.5,30.2,22.7,75.12,0.1,38.1,rain,0,0,12.6,10.8,219.9,1008,79.8,24.1,653,2.4,7,30,Partially cloudy,partly-cloudy-day,
"-22.846597372875394, -42.63389168107096",2023-11-04T10:00:00,27,29.3,22.4,75.96,0.1,61.9,rain,0,0,14.8,13.7,211.8,1009,98.5,24.1,521,1.9,5,10,"Rain, Overcast",rain,
"-22.846597372875394, -42.63389168107096",2023-11-04T11:00:00,25,25,22,83.45,0.1,61.9,rain,0,0,21.6,15.1,205.9,1009,100,20.8,310,1.1,3,3,"Rain, Overcast",rain,
"-22.846597372875394, -42.63389168107096",2023-11-04T12:00:00,23.1,23.1,20.8,86.9,0.2,61.9,rain,0,0,21.6,13.3,208.6,1009,100,18.6,190,0.7,2,10,"Rain, Overcast",rain,
"-22.846597372875394, -42.63389168107096",2023-11-04T13:00:00,21.8,21.8,19,84.12,0.2,61.9,rain,0,0,22,12.2,211.1,1009,100,24.1,104,0.4,1,10,"Rain, Overcast",rain,
"-22.846597372875394, -42.63389168107096",2023-11-04T14:00:00,21.5,21.5,18.2,81.5,0,61.9,rain,0,0,20.9,11.2,214.8,1009,100,24.1,116,0.4,1,10,"Rain, Overcast",rain,
"-22.846597372875394, -42.63389168107096",2023-11-04T15:00:00,21.5,21.5,18.1,80.99,0.1,61.9,rain,0,0,18.4,9.4,223.5,1009,100,24.1,88,0.3,1,10,"Rain, Overcast",rain,
"-22.846597372875394, -42.63389168107096",2023-11-04T16:00:00,21.4,21.4,17.9,80.46,0,66.7,rain,0,0,19.1,10.4,213.8,1009,100,24.1,77,0.3,1,10,"Rain, Overcast",rain,
"-22.846597372875394, -42.63389168107096",2023-11-04T17:00:00,21,21,17.5,80.41,0,66.7,rain,0,0,19.4,10.1,207.9,1010,100,24.1,52,0.2,1,10,"Rain, Overcast",rain,
"-22.846597372875394, -42.63389168107096",2023-11-04T18:00:00,20.6,20.6,16.8,78.84,0,66.7,rain,0,0,23.4,11.2,223.8,1010,100,24.1,14,0.1,0,10,"Rain, Overcast",rain,
"-22.846597372875394, -42.63389168107096",2023-11-04T19:00:00,20.6,20.6,16.7,78.34,0,66.7,rain,0,0,15.1,5.8,204.4,1012,100,24.1,0,0,0,10,"Rain, Overcast",rain,
"-22.846597372875394, -42.63389168107096",2023-11-04T20:00:00,20.2,20.2,16.9,81.33,0.1,66.7,rain,0,0,18,7.2,223.7,1013,100,24.1,0,0,0,10,"Rain, Overcast",rain,
"-22.846597372875394, -42.63389168107096",2023-11-04T21:00:00,20.2,20.2,16.9,81.33,0,66.7,rain,0,0,15.1,5.4,231.9,1014,100,24.1,0,0,0,10,"Rain, Overcast",rain,
"-22.846597372875394, -42.63389168107096",2023-11-04T22:00:00,20.2,20.2,17,81.85,0,0,,0,0,8.6,3.6,271.6,1014,100,24.1,0,0,0,10,Overcast,cloudy,
"-22.846597372875394, -42.63389168107096",2023-11-04T23:00:00,20.1,20.1,17,82.35,0,0,,0,0,10.1,4.3,279.6,1014,68.1,24.1,0,0,0,10,Partially cloudy,partly-cloudy-night,
"-22.846597372875394, -42.63389168107096",2023-11-05T00:00:00,19.4,19.4,17,86.01,0,0,,0,0,5,4.3,313.1,1014,30,24.1,0,0,0,10,Partially cloudy,partly-cloudy-night,
"-22.846597372875394, -42.63389168107096",2023-11-05T01:00:00,18.4,18.4,16.9,90.98,0,0,,0,0,4.3,4,297.5,1013,16.9,24.1,0,0,0,10,Clear,clear-night,
"-22.846597372875394, -42.63389168107096",2023-11-05T02:00:00,17.6,17.6,16.7,94.46,0,0,,0,0,2.9,2.9,302.7,1013,19.8,24.1,0,0,0,10,Clear,clear-night,
"-22.846597372875394, -42.63389168107096",2023-11-05T03:00:00,17.2,17.2,16.5,95.66,0,0,,0,0,2.2,2.2,277.9,1013,11.3,24.1,0,0,0,10,Clear,clear-night,
"-22.846597372875394, -42.63389168107096",2023-11-05T04:00:00,16.9,16.9,16.3,96.26,0,0,,0,0,2.2,2.2,270.1,1013,11.9,24.1,0,0,0,10,Clear,clear-night,
"-22.846597372875394, -42.63389168107096",2023-11-05T05:00:00,16.7,16.7,16.2,96.87,0,0,,0,0,2.5,2.5,300.1,1014,15.5,24.1,0,0,0,10,Clear,clear-night,
"-22.846597372875394, -42.63389168107096",2023-11-05T06:00:00,18,18,16.6,91.53,0,0,,0,0,3.6,2.5,308.9,1015,7.3,24.1,45,0.2,0,10,Clear,clear-day,
"-22.846597372875394, -42.63389168107096",2023-11-05T07:00:00,20.1,20.1,16.8,81.32,0,0,,0,0,7.2,4.3,291.8,1015,6.7,24.1,256,0.9,3,10,Clear,clear-day,
"-22.846597372875394, -42.63389168107096",2023-11-05T08:00:00,21.9,21.9,16,69.18,0,0,,0,0,9.4,6.5,254.9,1016,16.7,24.1,502,1.8,5,10,Clear,clear-day,
"-22.846597372875394, -42.63389168107096",2023-11-05T09:00:00,23.4,23.4,15.2,60.01,0,0,,0,0,9.7,7.6,236.3,1016,0.7,24.1,706,2.5,7,10,Clear,clear-day,
"-22.846597372875394, -42.63389168107096",2023-11-05T10:00:00,24.8,24.8,15,54.46,0,0,,0,0,10.1,9,226.2,1016,0.2,24.1,907,3.3,9,10,Clear,clear-day,
"-22.846597372875394, -42.63389168107096",2023-11-05T11:00:00,25.6,25.6,15.1,52.27,0,0,,0,0,11.2,11.9,212.3,1015,20.8,24.1,1022,3.7,10,10,Partially cloudy,partly-cloudy-day,
"-22.846597372875394, -42.63389168107096",2023-11-05T12:00:00,25.8,25.8,15.2,51.98,0,0,,0,0,12.2,14,199.5,1015,50.3,24.1,1052,3.8,10,10,Partially cloudy,partly-cloudy-day,
"-22.846597372875394, -42.63389168107096",2023-11-05T13:00:00,25.5,25.5,15.4,53.6,0,0,,0,0,13.7,16.2,191.1,1015,64.4,24.1,936,3.4,9,10,Partially cloudy,partly-cloudy-day,
"-22.846597372875394, -42.63389168107096",2023-11-05T14:00:00,24.6,24.6,15.7,57.65,0,0,,0,0,14.4,16.6,189.3,1015,57.9,24.1,764,2.8,8,10,Partially cloudy,partly-cloudy-day,
"-22.846597372875394, -42.63389168107096",2023-11-05T15:00:00,23.6,23.6,15.7,61.22,0,0,,0,0,15.8,15.1,194.1,1015,42.2,24.1,617,2.2,6,10,Partially cloudy,partly-cloudy-day,
"-22.846597372875394, -42.63389168107096",2023-11-05T16:00:00,22.9,22.9,15.7,63.87,0,4.8,,0,0,15.8,13.3,195,1015,19.5,24.1,465,1.7,5,10,Clear,clear-day,
"-22.846597372875394, -42.63389168107096",2023-11-05T17:00:00,21.8,21.8,15.9,69.17,0,4.8,,0,0,14.8,11.2,195,1016,26.3,24.1,291,1,3,10,Partially cloudy,partly-cloudy-day,
"-22.846597372875394, -42.63389168107096",2023-11-05T18:00:00,19.5,19.5,15.5,77.68,0,4.8,,0,0,9.4,6.1,199.1,1017,37.5,24.1,65,0.2,1,10,Partially cloudy,partly-cloudy-day,
"-22.846597372875394, -42.63389168107096",2023-11-05T19:00:00,18.7,18.7,15.1,79.59,0,4.8,,0,0,5,3.6,201.7,1018,26,24.1,0,0,0,10,Partially cloudy,partly-cloudy-night,
"-22.846597372875394, -42.63389168107096",2023-11-05T20:00:00,18.4,18.4,15,80.58,0,4.8,,0,0,1.8,1.8,204.1,1018,25.4,24.1,0,0,0,10,Partially cloudy,partly-cloudy-night,
"-22.846597372875394, -42.63389168107096",2023-11-05T21:00:00,18.1,18.1,14.9,81.58,0,4.8,,0,0,1.1,0.7,234.9,1019,30.1,24.1,0,0,0,10,Partially cloudy,partly-cloudy-night,
"-22.846597372875394, -42.63389168107096",2023-11-05T22:00:00,17.6,17.6,14.8,83.65,0,0,,0,0,0.7,0.4,266.9,1019,35.4,24.1,0,0,0,10,Partially cloudy,partly-cloudy-night,
"-22.846597372875394, -42.63389168107096",2023-11-05T23:00:00,17.1,17.1,14.8,86.33,0,0,,0,0,1.1,0.7,197,1018,26.3,24.1,0,0,0,10,Partially cloudy,partly-cloudy-night,
"-22.846597372875394, -42.63389168107096",2023-11-06T00:00:00,16.8,16.8,14.7,87.43,0,0,,0,0,0.7,0.4,226,1018,31.3,24.1,0,0,0,10,Partially cloudy,partly-cloudy-night,
"-22.846597372875394, -42.63389168107096",2023-11-06T01:00:00,16.7,16.7,14.7,87.98,0,0,,0,0,1.8,1.4,0.3,1017,44.2,24.1,0,0,0,10,Partially cloudy,partly-cloudy-night,
"-22.846597372875394, -42.63389168107096",2023-11-06T02:00:00,16.7,16.7,14.7,87.98,0,0,,0,0,1.4,1.1,47.3,1017,38.6,24.1,0,0,0,10,Partially cloudy,partly-cloudy-night,
"-22.846597372875394, -42.63389168107096",2023-11-06T03:00:00,16.6,16.6,14.7,88.54,0,0,,0,0,1.8,1.8,45.2,1017,61.8,24.1,0,0,0,10,Partially cloudy,partly-cloudy-night,
"-22.846597372875394, -42.63389168107096",2023-11-06T04:00:00,17.2,17.2,14.7,85.24,0,0,,0,0,2.5,2.5,55.2,1017,81.3,24.1,0,0,0,10,Partially cloudy,partly-cloudy-night,
"-22.846597372875394, -42.63389168107096",2023-11-06T05:00:00,17.8,17.8,14.8,82.6,0,0,,0,0,1.8,1.8,90.9,1017,95,24.1,0,0,0,10,Overcast,cloudy,
"-22.846597372875394, -42.63389168107096",2023-11-06T06:00:00,18.5,18.5,15.2,81.11,0,0,,0,0,2.9,2.5,110.3,1018,100,24.1,16,0.1,0,10,Overcast,cloudy,
"-22.846597372875394, -42.63389168107096",2023-11-06T07:00:00,19.5,19.5,15.3,76.69,0,0,,0,0,2.9,1.8,104.6,1018,99.9,24.1,75,0.3,1,10,Overcast,cloudy,
"-22.846597372875394, -42.63389168107096",2023-11-06T08:00:00,20.5,20.5,15.2,71.63,0,0,,0,0,6.1,4,145.6,1019,88.7,24.1,177,0.6,2,10,Partially cloudy,partly-cloudy-day,
"-22.846597372875394, -42.63389168107096",2023-11-06T09:00:00,22.3,22.3,15.3,64.56,0,0,,0,0,6.1,5,104.9,1018,25.5,24.1,472,1.7,5,10,Partially cloudy,partly-cloudy-day,
"-22.846597372875394, -42.63389168107096",2023-11-06T10:00:00,24.7,24.7,16,58.42,0,0,,0,0,5,5.4,147.3,1018,83.5,24.1,881,3.2,9,10,Partially cloudy,partly-cloudy-day,
"-22.846597372875394, -42.63389168107096",2023-11-06T11:00:00,24.4,24.4,15.7,58.35,0,0,,0,0,5.8,7.6,157.8,1018,100,24.1,673,2.4,7,10,Overcast,cloudy,
"-22.846597372875394, -42.63389168107096",2023-11-06T12:00:00,23.3,23.3,15.5,61.54,0,0,,0,0,10.4,11.9,171.9,1018,100,24.1,363,1.3,4,10,Overcast,cloudy,
"-22.846597372875394, -42.63389168107096",2023-11-06T13:00:00,21.7,21.7,15.1,66.11,0,0,,0,0,12.6,10.4,166.3,1018,100,24.1,184,0.7,2,10,Overcast,cloudy,
"-22.846597372875394, -42.63389168107096",2023-11-06T14:00:00,21.4,21.4,14.6,65.2,0,0,,0,0,9.7,6.5,156.5,1018,100,24.1,154,0.6,2,10,Overcast,cloudy,
"-22.846597372875394, -42.63389168107096",2023-11-06T15:00:00,21.3,21.3,14.7,66.03,0,0,,0,0,8.6,5.4,146.3,1018,100,24.1,128,0.5,1,10,Overcast,cloudy,
"-22.846597372875394, -42.63389168107096",2023-11-06T16:00:00,21.1,21.1,15.4,69.92,0,14.3,,0,0,5.8,2.5,93.3,1018,99.9,24.1,75,0.3,1,10,Overcast,cloudy,
"-22.846597372875394, -42.63389168107096",2023-11-06T17:00:00,20.8,20.8,15.9,73.54,0,14.3,,0,0,1.8,0.7,154.6,1018,98.7,24.1,60,0.2,1,10,Overcast,cloudy,
"-22.846597372875394, -42.63389168107096",2023-11-06T18:00:00,20,20,15.6,75.79,0,14.3,,0,0,4.7,4.3,54,1018,34.8,24.1,31,0.1,0,10,Partially cloudy,partly-cloudy-day,
"-22.846597372875394, -42.63389168107096",2023-11-06T19:00:00,18.2,18.2,15.4,83.72,0,14.3,,0,0,5.4,5.4,57.7,1018,95.3,24.1,0,0,0,10,Overcast,cloudy,
"-22.846597372875394, -42.63389168107096",2023-11-06T20:00:00,17.9,17.9,15.8,87.53,0.1,14.3,rain,0,0,8.3,6.1,98,1018,75.5,23.8,0,0,0,10,Partially cloudy,partly-cloudy-night,
"-22.846597372875394, -42.63389168107096",2023-11-06T21:00:00,17.6,17.6,15.5,87.5,0.1,14.3,rain,0,0,3.6,4,71,1018,27.3,24.1,0,0,0,10,Partially cloudy,partly-cloudy-night,
"-22.846597372875394, -42.63389168107096",2023-11-06T22:00:00,17,17,15.3,89.72,0,0,,0,0,4.3,4.3,130.7,1018,20.7,24.1,0,0,0,10,Partially cloudy,partly-cloudy-night,
"-22.846597372875394, -42.63389168107096",2023-11-06T23:00:00,16.7,16.7,15.1,90.28,0,0,,0,0,5,5.4,105,1018,50,24.1,0,0,0,10,Partially cloudy,partly-cloudy-night,
"-22.846597372875394, -42.63389168107096",2023-11-07T00:00:00,16.9,16.9,15.2,89.72,0,0,,0,0,6.8,5.8,62.3,1018,53.3,24.1,0,0,0,10,Partially cloudy,partly-cloudy-night,
"-22.846597372875394, -42.63389168107096",2023-11-07T01:00:00,16.9,16.9,15.3,90.29,0,0,,0,0,4.7,4.7,57.6,1017,49.8,24.1,0,0,0,10,Partially cloudy,partly-cloudy-night,
"-22.846597372875394, -42.63389168107096",2023-11-07T02:00:00,16.7,16.7,15.2,90.86,0,0,,0,0,4,4,70.9,1017,56.7,24.1,0,0,0,10,Partially cloudy,partly-cloudy-night,
"-22.846597372875394, -42.63389168107096",2023-11-07T03:00:00,16.8,16.8,15.3,90.87,0,0,,0,0,3.6,4,95.7,1017,83.8,24.1,0,0,0,10,Partially cloudy,partly-cloudy-night,
"-22.846597372875394, -42.63389168107096",2023-11-07T04:00:00,17.4,17.4,15.5,88.61,0,0,,0,0,4,4,96.7,1017,100,24.1,0,0,0,10,Overcast,cloudy,
"-22.846597372875394, -42.63389168107096",2023-11-07T05:00:00,17.9,17.9,15.7,86.97,0,0,,0,0,3.6,3.2,83.4,1018,100,24.1,0,0,0,10,Overcast,cloudy,
"-22.846597372875394, -42.63389168107096",2023-11-07T06:00:00,18.4,18.4,16.1,86.46,0,0,,0,0,5,3.2,63.8,1019,100,24.1,10,0,0,10,Overcast,cloudy,
"-22.846597372875394, -42.63389168107096",2023-11-07T07:00:00,19.1,19.1,16.3,83.82,0,0,,0,0,6.5,3.6,67.9,1019,100,24.1,50,0.2,1,10,Overcast,cloudy,
"-22.846597372875394, -42.63389168107096",2023-11-07T08:00:00,20,20,16.5,80.28,0,0,,0,0,7.9,4,72.6,1020,100,24.1,111,0.4,1,10,Overcast,cloudy,
"-22.846597372875394, -42.63389168107096",2023-11-07T09:00:00,21.2,21.2,16.7,75.51,0,0,,0,0,11.9,5.8,74.9,1020,99.7,24.1,224,0.8,2,10,Overcast,cloudy,
"-22.846597372875394, -42.63389168107096",2023-11-07T10:00:00,22.8,22.8,17,70.1,0,0,,0,0,11,6.8,83,1019.3,96.5,24.1,380.3,1.4,4,10,Overcast,cloudy,
"-22.846597372875394, -42.63389168107096",2023-11-07T11:00:00,24.4,24.4,17.4,65.14,0,0,,0,0,10.2,7.9,91.2,1018.7,93.3,24.1,536.7,1.9,5,3,Overcast,cloudy,
"-22.846597372875394, -42.63389168107096",2023-11-07T12:00:00,26,26,17.8,60.61,0,0,,0,0,9.4,9,99.3,1018,90.1,24.1,693,2.5,7,3,Overcast,cloudy,
"-22.846597372875394, -42.63389168107096",2023-11-07T13:00:00,25.7,25.7,17.9,62.22,0,0,,0,0,11.5,10.7,98.3,1017.3,81.9,24.1,618,2.2,6,3,Partially cloudy,partly-cloudy-day,
"-22.846597372875394, -42.63389168107096",2023-11-07T14:00:00,25.4,25.4,18,63.87,0,0,,0,0,13.7,12.4,97.2,1016.7,73.8,24.1,543,2,5,3,Partially cloudy,partly-cloudy-day,
"-22.846597372875394, -42.63389168107096",2023-11-07T15:00:00,25.1,25.1,18.2,65.57,0.1,0,rain,0,0,15.8,14,96.2,1016,65.6,24.1,468,1.7,5,3,Partially cloudy,partly-cloudy-day,
"-22.846597372875394, -42.63389168107096",2023-11-07T16:00:00,23.9,23.9,17.9,69.42,0,0,,0,0,19,13.6,92.2,1016.3,60.4,24.1,384.3,1.4,4,3,Partially cloudy,partly-cloudy-day,
"-22.846597372875394, -42.63389168107096",2023-11-07T17:00:00,22.7,22.7,17.7,73.56,0,0,,0,0,22.1,13.1,88.1,1016.7,55.2,24.1,300.7,1.1,3,10,Partially cloudy,partly-cloudy-day,
"-22.846597372875394, -42.63389168107096",2023-11-07T18:00:00,21.5,21.5,17.5,77.98,0,0,,0,0,25.2,12.6,84.1,1017,50,24.1,217,0.8,2,10,Partially cloudy,partly-cloudy-day,
"-22.846597372875394, -42.63389168107096",2023-11-07T19:00:00,20.9,20.9,17.2,79.39,0,0,,0,0,25.3,11.5,83,1017.3,59.8,24.1,144.7,0.5,0,10,Partially cloudy,partly-cloudy-night,
"-22.846597372875394, -42.63389168107096",2023-11-07T20:00:00,20.3,20.3,16.9,80.84,0,0,,0,0,25.4,10.4,82,1017.7,69.7,24.1,72.3,0.3,0,10,Partially cloudy,partly-cloudy-night,
"-22.846597372875394, -42.63389168107096",2023-11-07T21:00:00,19.8,19.8,16.7,82.32,0,0,,0,0,25.6,9.4,80.9,1018,79.5,24.1,0,0,0,10,Partially cloudy,partly-cloudy-night,
"-22.846597372875394, -42.63389168107096",2023-11-07T22:00:00,19.5,19.5,16.8,84.23,0,0,,0,0,24.1,8.6,81.6,1017.7,80.1,24.1,0,0,0,10,Partially cloudy,partly-cloudy-night,
"-22.846597372875394, -42.63389168107096",2023-11-07T23:00:00,19.3,19.3,16.9,86.19,0,0,,0,0,22.7,7.9,82.3,1017.3,80.7,24.1,0,0,0,10,Partially cloudy,partly-cloudy-night,
"-22.846597372875394, -42.63389168107096",2023-11-08T00:00:00,19.1,19.1,17.1,88.19,0,0,,0,0,21.2,7.2,83,1017,81.3,24.1,0,0,0,10,Partially cloudy,partly-cloudy-night,
"-22.846597372875394, -42.63389168107096",2023-11-08T01:00:00,18.8,18.8,17,89.29,0,0,,0,0,17.8,6.8,80.2,1016.7,71.7,24.1,0,0,0,10,Partially cloudy,partly-cloudy-night,
"-22.846597372875394, -42.63389168107096",2023-11-08T02:00:00,18.6,18.6,17,90.42,0,0,,0,0,14.3,6.5,77.4,1016.3,62.2,24.1,0,0,0,10,Partially cloudy,partly-cloudy-night,
"-22.846597372875394, -42.63389168107096",2023-11-08T03:00:00,18.4,18.4,17,91.55,0,0,,0,0,10.8,6.1,74.6,1016,52.6,24.1,0,0,0,10,Partially cloudy,partly-cloudy-night,
"-22.846597372875394, -42.63389168107096",2023-11-08T04:00:00,18.4,18.4,16.9,91.17,0,0,,0,0,10.1,6,76.4,1016.3,35.2,24.1,5.7,0,0,10,Partially cloudy,partly-cloudy-night,
"-22.846597372875394, -42.63389168107096",2023-11-08T05:00:00,18.4,18.4,16.9,90.79,0,0,,0,0,9.4,5.9,78.2,1016.7,17.7,24.1,11.3,0.1,0,10,Clear,clear-night,
"-22.846597372875394, -42.63389168107096",2023-11-08T06:00:00,18.5,18.5,16.9,90.41,0,0,,0,0,8.6,5.8,80,1017,0.3,24.1,17,0.1,0,10,Clear,clear-day,
"-22.846597372875394, -42.63389168107096",2023-11-08T07:00:00,21,21,17.2,78.74,0,0,,0,0,8.6,6.1,75,1016.7,0.2,24.1,177.7,0.7,2,3,Clear,clear-day,
"-22.846597372875394, -42.63389168107096",2023-11-08T08:00:00,23.6,23.6,17.5,68.79,0,0,,0,0,8.6,6.5,70.1,1016.3,0.1,24.1,338.3,1.2,3,5,Clear,clear-day,
"-22.846597372875394, -42.63389168107096",2023-11-08T09:00:00,26.2,26.2,17.9,60.27,0,0,,0,0,8.6,6.8,65.1,1016,0,24.1,499,1.8,5,5,Clear,clear-day,
"-22.846597372875394, -42.63389168107096",2023-11-08T10:00:00,27.8,28.7,18.1,55.46,0,0,,0,0,9.2,6.4,75.3,1015.3,0.6,24.1,662.3,2.4,7,5,Clear,clear-day,
"-22.846597372875394, -42.63389168107096",2023-11-08T11:00:00,29.5,30.5,18.3,51.09,0,0,,0,0,9.8,5.9,85.4,1014.7,1.2,24.1,825.7,3,8,3,Clear,clear-day,
"-22.846597372875394, -42.63389168107096",2023-11-08T12:00:00,31.2,32.3,18.6,47.12,0,0,,0,0,10.4,5.4,95.6,1014,1.8,24.1,989,3.6,10,10,Clear,clear-day,
"-22.846597372875394, -42.63389168107096",2023-11-08T13:00:00,31,32.3,18.8,48.27,0,0,,0,0,11.3,8.6,88.4,1013.3,1.2,24.1,960,3.5,10,10,Clear,clear-day,
"-22.846597372875394, -42.63389168107096",2023-11-08T14:00:00,30.8,32.2,19,49.44,0,0,,0,0,12.1,11.9,81.2,1012.7,0.6,24.1,931,3.3,9,10,Clear,clear-day,
"-22.846597372875394, -42.63389168107096",2023-11-08T15:00:00,30.7,32.2,19.3,50.65,0,0,,0,0,13,15.1,74,1012,0,24.1,902,3.2,9,10,Clear,clear-day,
"-22.846597372875394, -42.63389168107096",2023-11-08T16:00:00,28.2,29.6,19.4,58.65,0,0,,0,0,16.9,14.2,79.4,1012.3,0,24.1,704.3,2.5,7,3,Clear,clear-day,
"-22.846597372875394, -42.63389168107096",2023-11-08T17:00:00,25.8,25.8,19.4,68.08,0,0,,0,0,20.9,13.2,84.9,1012.7,0,24.1,506.7,1.8,5,5,Clear,clear-day,
"-22.846597372875394, -42.63389168107096",2023-11-08T18:00:00,23.4,23.4,19.6,79.24,0,0,,0,0,24.8,12.2,90.3,1013,0,24.1,309,1.1,3,5,Clear,clear-day,
"-22.846597372875394, -42.63389168107096",2023-11-08T19:00:00,22.2,22.2,19.3,83.48,0,0,,0,0,20.8,10.9,87,1013.3,0,24.1,206,0.7,0,5,Clear,clear-night,
"-22.846597372875394, -42.63389168107096",2023-11-08T20:00:00,21.1,21.1,19,87.99,0,0,,0,0,16.7,9.6,83.8,1013.7,0.1,24.1,103,0.4,0,3,Clear,clear-night,
"-22.846597372875394, -42.63389168107096",2023-11-08T21:00:00,20,20,18.8,92.81,0,0,,0,0,12.6,8.3,80.5,1014,0.1,24.1,0,0,0,10,Clear,clear-night,
"-22.846597372875394, -42.63389168107096",2023-11-08T22:00:00,19.4,19.4,18.3,92.97,0,0,,0,0,11.8,8.2,77.9,1014,2.2,24.1,0,0,0,10,Clear,clear-night,
"-22.846597372875394, -42.63389168107096",2023-11-08T23:00:00,18.9,18.9,17.8,93.14,0,0,,0,0,10.9,8,75.4,1014,4.2,24.1,0,0,0,10,Clear,clear-night,
"-22.846597372875394, -42.63389168107096",2023-11-09T00:00:00,18.4,18.4,17.3,93.31,0,0,,0,0,10.1,7.9,72.8,1014,6.3,24.1,0,0,0,10,Clear,clear-night,
"-22.846597372875394, -42.63389168107096",2023-11-09T01:00:00,18.1,18.1,17.1,93.89,0,0,,0,0,10.1,7.9,73,1013.3,6.7,24.1,0,0,0,10,Clear,clear-night,
"-22.846597372875394, -42.63389168107096",2023-11-09T02:00:00,17.9,17.9,17,94.48,0,0,,0,0,10.1,7.9,73.2,1012.7,7.2,24.1,0,0,0,10,Clear,clear-night,
"-22.846597372875394, -42.63389168107096",2023-11-09T03:00:00,17.7,17.7,16.9,95.07,0,0,,0,0,10.1,7.9,73.4,1012,7.6,24.1,0,0,0,10,Clear,clear-night,
"-22.846597372875394, -42.63389168107096",2023-11-09T04:00:00,18.3,18.3,17.1,92.52,0,4.8,,0,0,9.7,7.2,73.2,1012.3,18.4,24.1,5.3,0,0,10,Clear,clear-night,
"-22.846597372875394, -42.63389168107096",2023-11-09T05:00:00,18.9,18.9,17.3,90.06,0,4.8,,0,0,9.4,6.5,72.9,1012.7,29.1,24.1,10.7,0.1,0,10,Partially cloudy,partly-cloudy-night,
"-22.846597372875394, -42.63389168107096",2023-11-09T06:00:00,19.6,19.6,17.5,87.68,0,4.8,,0,0,9,5.8,72.7,1013,39.9,24.1,16,0.1,0,10,Partially cloudy,partly-cloudy-day,
"-22.846597372875394, -42.63389168107096",2023-11-09T07:00:00,22.5,22.5,17.9,75.09,0,4.8,,0,0,11,6.5,55.5,1013,59.9,24.1,168,0.6,2,3,Partially cloudy,partly-cloudy-day,
"-22.846597372875394, -42.63389168107096",2023-11-09T08:00:00,25.5,25.5,18.3,64.57,0,4.8,,0,0,13.1,7.2,38.4,1013,80,24.1,320,1.2,3,5,Partially cloudy,partly-cloudy-day,
"-22.846597372875394, -42.63389168107096",2023-11-09T09:00:00,28.5,29.6,18.8,55.73,0,4.8,,0,0,15.1,7.9,21.2,1013,100,24.1,472,1.7,5,5,Overcast,cloudy,
"-22.846597372875394, -42.63389168107096",2023-11-09T10:00:00,30.5,31.4,18.2,47.93,0,4.8,,0,0,13.6,7.8,127.9,1012.3,95.9,24.1,631,2.3,6,5,Overcast,cloudy,
"-22.846597372875394, -42.63389168107096",2023-11-09T11:00:00,32.5,33.2,17.6,41.28,0,4.8,,0,0,12,7.7,234.5,1011.7,91.8,24.1,790,2.8,8,5,Overcast,cloudy,
"-22.846597372875394, -42.63389168107096",2023-11-09T12:00:00,34.5,35.1,17.1,35.6,0,4.8,,0,0,10.4,7.6,341.2,1011,87.7,24.1,949,3.4,9,3,Partially cloudy,partly-cloudy-day,
"-22.846597372875394, -42.63389168107096",2023-11-09T13:00:00,34.4,35.1,17.2,35.97,0,4.8,,0,0,10.6,8.9,339,1010.3,59.1,24.1,931,3.3,9,3,Partially cloudy,partly-cloudy-day,
"-22.846597372875394, -42.63389168107096",2023-11-09T14:00:00,34.4,35.2,17.3,36.34,0,4.8,,0,0,10.7,10.2,336.9,1009.7,30.6,24.1,913,3.3,9,10,Partially cloudy,partly-cloudy-day,
"-22.846597372875394, -42.63389168107096",2023-11-09T15:00:00,34.4,35.2,17.5,36.72,0,4.8,,0,0,10.8,11.5,334.7,1009,2,24.1,895,3.2,9,10,Clear,clear-day,
"-22.846597372875394, -42.63389168107096",2023-11-09T16:00:00,32,33.1,18.4,44.47,0,9.5,,0,0,9.2,9.8,233.4,1009,1.3,24.1,701.7,2.5,7,10,Clear,clear-day,
"-22.846597372875394, -42.63389168107096",2023-11-09T17:00:00,29.6,31.1,19.3,53.97,0,9.5,,0,0,7.7,8.2,132.2,1009,0.7,24.1,508.3,1.8,5,10,Clear,clear-day,
"-22.846597372875394, -42.63389168107096",2023-11-09T18:00:00,27.3,28.9,20.3,65.62,0,9.5,,0,0,6.1,6.5,30.9,1009,0,24.1,315,1.1,3,3,Clear,clear-day,
"-22.846597372875394, -42.63389168107096",2023-11-09T19:00:00,26.1,26.1,20.1,69.42,0,9.5,,0,0,6.8,7.2,38.5,1009.3,0,24.1,210,0.7,0,3,Clear,clear-night,
"-22.846597372875394, -42.63389168107096",2023-11-09T20:00:00,24.9,24.9,19.9,73.48,0,9.5,,0,0,7.6,7.9,46.1,1009.7,0,24.1,105,0.4,0,5,Clear,clear-night,
"-22.846597372875394, -42.63389168107096",2023-11-09T21:00:00,23.8,23.8,19.7,77.83,0,9.5,,0,0,8.3,8.6,53.7,1010,0,24.1,0,0,0,5,Clear,clear-night,
"-22.846597372875394, -42.63389168107096",2023-11-09T22:00:00,23.1,23.1,19.2,78.55,0,4.8,,0,0,7.6,7.9,52.3,1010,2.3,24.1,0,0,0,5,Clear,clear-night,
"-22.846597372875394, -42.63389168107096",2023-11-09T23:00:00,22.5,22.5,18.7,79.28,0,4.8,,0,0,6.8,7.2,50.9,1010,4.5,24.1,0,0,0,3,Clear,clear-night,
"-22.846597372875394, -42.63389168107096",2023-11-10T00:00:00,21.9,21.9,18.3,80.03,0,4.8,,0,0,6.1,6.5,49.5,1010,6.8,24.1,0,0,0,10,Clear,clear-night,
"-22.846597372875394, -42.63389168107096",2023-11-10T01:00:00,21.7,21.7,17.9,79,0,4.8,,0,0,5.9,6.2,43.7,1009.7,6.2,24.1,0,0,0,10,Clear,clear-night,
"-22.846597372875394, -42.63389168107096",2023-11-10T02:00:00,21.4,21.4,17.4,77.98,0,4.8,,0,0,5.6,6,37.8,1009.3,5.6,24.1,0,0,0,10,Clear,clear-night,
"-22.846597372875394, -42.63389168107096",2023-11-10T03:00:00,21.3,21.3,17.1,76.97,0,4.8,,0,0,5.4,5.8,32,1009,5,24.1,0,0,0,10,Clear,clear-night,
"-22.846597372875394, -42.63389168107096",2023-11-10T04:00:00,21.8,21.8,17.4,76.56,0,0,,0,0,5.8,5.6,33.5,1009.3,36.7,24.1,6,0,0,10,Partially cloudy,partly-cloudy-night,
"-22.846597372875394, -42.63389168107096",2023-11-10T05:00:00,22.3,22.3,17.9,76.16,0,0,,0,0,6.1,5.5,35,1009.7,68.3,24.1,12,0.1,0,10,Partially cloudy,partly-cloudy-night,
"-22.846597372875394, -42.63389168107096",2023-11-10T06:00:00,22.8,22.8,18.3,75.76,0,0,,0,0,6.5,5.4,36.5,1010,100,24.1,18,0.1,0,10,Overcast,cloudy,
"-22.846597372875394, -42.63389168107096",2023-11-10T07:00:00,25.9,25.9,18,62,0,0,,0,0,8.3,6,143.4,1010,81.2,24.1,173.3,0.6,2,10,Partially cloudy,partly-cloudy-day,
"-22.846597372875394, -42.63389168107096",2023-11-10T08:00:00,28.9,29.7,17.8,50.95,0,0,,0,0,10.1,6.6,250.3,1010,62.5,24.1,328.7,1.2,3,10,Partially cloudy,partly-cloudy-day,
"-22.846597372875394, -42.63389168107096",2023-11-10T09:00:00,32.1,32.7,17.6,42.04,0,0,,0,0,11.9,7.2,357.2,1010,43.7,24.1,484,1.7,5,10,Partially cloudy,partly-cloudy-day,
"-22.846597372875394, -42.63389168107096",2023-11-10T10:00:00,33.9,34.6,17.2,37.07,0,4.8,,0,0,10.9,6.8,346.8,1009.3,46.8,24.1,654,2.3,7,10,Partially cloudy,partly-cloudy-day,
"-22.846597372875394, -42.63389168107096",2023-11-10T11:00:00,35.8,36.5,16.9,32.72,0,4.8,,0,0,10,6.5,336.5,1008.7,49.8,24.1,824,3,8,10,Partially cloudy,partly-cloudy-day,
"-22.846597372875394, -42.63389168107096",2023-11-10T12:00:00,37.7,38.5,16.6,28.93,0,4.8,,0,0,9,6.1,326.1,1008,52.9,24.1,994,3.6,10,10,Partially cloudy,partly-cloudy-day,
"-22.846597372875394, -42.63389168107096",2023-11-10T13:00:00,37,38,17.1,31.15,0,4.8,,0,0,8.6,5.5,309.7,1007.3,45.4,24.1,948.7,3.4,9,10,Partially cloudy,partly-cloudy-day,
"-22.846597372875394, -42.63389168107096",2023-11-10T14:00:00,36.3,37.5,17.7,33.55,0,4.8,,0,0,8.3,4.9,293.4,1006.7,37.8,24.1,903.3,3.3,9,10,Partially cloudy,partly-cloudy-day,
"-22.846597372875394, -42.63389168107096",2023-11-10T15:00:00,35.6,37.1,18.3,36.13,0,4.8,,0,0,7.9,4.3,277,1006,30.3,24.1,858,3.1,9,10,Partially cloudy,partly-cloudy-day,
"-22.846597372875394, -42.63389168107096",2023-11-10T16:00:00,33.5,35.2,19.1,42.7,0,4.8,,0,0,6.6,4,212.9,1006.3,53.5,24.1,675.7,2.4,7,10,Partially cloudy,partly-cloudy-day,
"-22.846597372875394, -42.63389168107096",2023-11-10T17:00:00,31.4,33.4,19.9,50.53,0,4.8,,0,0,5.3,3.6,148.9,1006.7,76.7,24.1,493.3,1.8,5,10,Partially cloudy,partly-cloudy-day,
"-22.846597372875394, -42.63389168107096",2023-11-10T18:00:00,29.4,31.6,20.8,59.89,0,4.8,,0,0,4,3.2,84.8,1007,99.9,24.1,311,1.1,3,30,Overcast,cloudy,
"-22.846597372875394, -42.63389168107096",2023-11-10T19:00:00,28.3,30.3,20.6,63.19,0,4.8,,0,0,4.7,4.2,66.8,1007.7,96.3,24.1,207.3,0.7,0,3,Overcast,cloudy,
"-22.846597372875394, -42.63389168107096",2023-11-10T20:00:00,27.2,28.9,20.5,66.7,0,4.8,,0,0,5.4,5.2,48.9,1008.3,92.7,24.1,103.7,0.4,0,3,Overcast,cloudy,
"-22.846597372875394, -42.63389168107096",2023-11-10T21:00:00,26.2,26.2,20.4,70.44,0,4.8,,0,0,6.1,6.1,30.9,1009,89.1,24.1,0,0,0,5,Partially cloudy,partly-cloudy-night,
"-22.846597372875394, -42.63389168107096",2023-11-10T22:00:00,25.6,25.6,20,71.07,0,9.5,,0,0,5.5,5.6,33.1,1008.7,92.7,24.1,0,0,0,5,Overcast,cloudy,
"-22.846597372875394, -42.63389168107096",2023-11-10T23:00:00,25.1,25.1,19.6,71.71,0,9.5,,0,0,4.9,5.2,35.4,1008.3,96.4,24.1,0,0,0,5,Overcast,cloudy,
"-22.846597372875394, -42.63389168107096",2023-11-11T00:00:00,24.6,24.6,19.3,72.36,0,9.5,,0,0,4.3,4.7,37.6,1008,100,24.1,0,0,0,5,Overcast,cloudy,
"-22.846597372875394, -42.63389168107096",2023-11-11T01:00:00,23.9,23.9,19.3,75.47,0,9.5,,0,0,3.7,4,113.1,1008,100,24.1,0,0,0,3,Overcast,cloudy,
"-22.846597372875394, -42.63389168107096",2023-11-11T02:00:00,23.2,23.2,19.3,78.73,0,9.5,,0,0,3.1,3.2,188.5,1008,100,24.1,0,0,0,3,Overcast,cloudy,
"-22.846597372875394, -42.63389168107096",2023-11-11T03:00:00,22.6,22.6,19.4,82.14,0,9.5,,0,0,2.5,2.5,264,1008,100,24.1,0,0,0,10,Overcast,cloudy,
"-22.846597372875394, -42.63389168107096",2023-11-11T04:00:00,22.9,22.9,19.7,81.85,0,0,,0,0,3,2.6,288.7,1008.7,100,24.1,6,0,0,3,Overcast,cloudy,
"-22.846597372875394, -42.63389168107096",2023-11-11T05:00:00,23.3,23.3,19.9,81.56,0,0,,0,0,3.5,2.8,313.4,1009.3,99.9,24.1,12,0.1,0,5,Overcast,cloudy,
"-22.846597372875394, -42.63389168107096",2023-11-11T06:00:00,23.7,23.7,20.3,81.27,0,0,,0,0,4,2.9,338.1,1010,99.9,24.1,18,0.1,0,5,Overcast,cloudy,
"-22.846597372875394, -42.63389168107096",2023-11-11T07:00:00,26.3,26.3,20.2,69.03,0,0,,0,0,5.5,3.2,241.2,1009.7,99.9,24.1,158,0.6,2,5,Overcast,cloudy,
"-22.846597372875394, -42.63389168107096",2023-11-11T08:00:00,28.9,30.7,20.1,58.81,0,0,,0,0,7.1,3.6,144.2,1009.3,100,24.1,298,1.1,3,5,Overcast,cloudy,
"-22.846597372875394, -42.63389168107096",2023-11-11T09:00:00,31.6,33.6,20,50.25,0,0,,0,0,8.6,4,47.3,1009,100,24.1,438,1.6,4,3,Overcast,cloudy,
"-22.846597372875394, -42.63389168107096",2023-11-11T10:00:00,33.4,35.2,19.2,43.05,0,9.5,,0,0,8.5,4.1,103.7,1008.3,100,24.1,582.3,2.1,6,3,Overcast,cloudy,
"-22.846597372875394, -42.63389168107096",2023-11-11T11:00:00,35.4,36.9,18.4,36.92,0,9.5,,0,0,8.4,4.2,160,1007.7,100,24.1,726.7,2.6,7,3,Overcast,cloudy,
"-22.846597372875394, -42.63389168107096",2023-11-11T12:00:00,37.3,38.7,17.7,31.69,0,9.5,,0,0,8.3,4.3,216.4,1007,100,24.1,871,3.1,9,10,Overcast,cloudy,
"-22.846597372875394, -42.63389168107096",2023-11-11T13:00:00,35.7,37.7,18.8,37.09,0,9.5,,0,0,9.5,6.8,199.7,1007,100,24.1,839.7,3,8,10,Overcast,cloudy,
"-22.846597372875394, -42.63389168107096",2023-11-11T14:00:00,34.2,36.7,20,43.42,0,9.5,,0,0,10.7,9.4,183,1007,100,24.1,808.3,2.9,8,10,Overcast,cloudy,
"-22.846597372875394, -42.63389168107096",2023-11-11T15:00:00,32.7,35.8,21.2,50.85,0,9.5,,0,0,11.9,11.9,166.3,1007,100,24.1,777,2.8,8,30,Overcast,cloudy,
"-22.846597372875394, -42.63389168107096",2023-11-11T16:00:00,30.7,33.7,21.5,58.03,0,28.6,,0,0,10,9.6,182.6,1007.7,84.8,24.1,602.3,2.2,6,8,Partially cloudy,partly-cloudy-day,
"-22.846597372875394, -42.63389168107096",2023-11-11T17:00:00,28.7,31.5,21.8,66.32,0,28.6,,0,0,8,7.3,198.9,1008.3,69.5,24.1,427.7,1.5,4,8,Partially cloudy,partly-cloudy-day,
"-22.846597372875394, -42.63389168107096",2023-11-11T18:00:00,26.8,28.9,22.2,75.93,0,28.6,,0,0,6.1,5,215.2,1009,54.3,24.1,253,0.9,3,3,Partially cloudy,partly-cloudy-day,
"-22.846597372875394, -42.63389168107096",2023-11-11T19:00:00,25.6,25.6,22,80.69,0,28.6,,0,0,5.5,4.8,156.7,1009.7,51.3,24.1,168.7,0.6,0,3,Partially cloudy,partly-cloudy-night,
"-22.846597372875394, -42.63389168107096",2023-11-11T20:00:00,24.4,24.4,21.9,85.8,0,28.6,,0,0,4.9,4.6,98.2,1010.3,48.3,24.1,84.3,0.3,0,5,Partially cloudy,partly-cloudy-night,
"-22.846597372875394, -42.63389168107096",2023-11-11T21:00:00,23.3,23.3,21.8,91.29,0.8,28.6,rain,0,0,4.3,4.3,39.7,1011,45.3,24.1,0,0,0,5,Partially cloudy,partly-cloudy-night,
"-22.846597372875394, -42.63389168107096",2023-11-11T22:00:00,23.2,23.2,21.6,90.91,0,23.8,,0,0,3.2,3.1,51.1,1010.7,34.9,24.1,0,0,0,5,Partially cloudy,partly-cloudy-night,
"-22.846597372875394, -42.63389168107096",2023-11-11T23:00:00,23.1,23.1,21.5,90.54,0,23.8,,0,0,2.2,1.9,62.4,1010.3,24.6,24.1,0,0,0,5,Partially cloudy,partly-cloudy-night,
"-22.846597372875394, -42.63389168107096",2023-11-12T00:00:00,23.1,23.1,21.4,90.17,0,23.8,,0,0,1.1,0.7,73.8,1010,14.2,24.1,0,0,0,5,Clear,clear-night,
"-22.846597372875394, -42.63389168107096",2023-11-12T01:00:00,22.9,22.9,21.3,90.53,0,23.8,,0,0,1.3,1.1,57.5,1009.3,32.1,24.1,0,0,0,5,Partially cloudy,partly-cloudy-night,
"-22.846597372875394, -42.63389168107096",2023-11-12T02:00:00,22.9,22.9,21.3,90.89,0,23.8,,0,0,1.6,1.4,41.3,1008.7,50,24.1,0,0,0,5,Partially cloudy,partly-cloudy-night,
"-22.846597372875394, -42.63389168107096",2023-11-12T03:00:00,22.8,22.8,21.3,91.26,0,23.8,,0,0,1.8,1.8,25,1008,67.9,24.1,0,0,0,5,Partially cloudy,partly-cloudy-night,
"-22.846597372875394, -42.63389168107096",2023-11-12T04:00:00,23.2,23.2,21.4,89.44,0,9.5,,0,0,1.8,1.7,58.6,1008.3,65.8,24.1,5.3,0,0,5,Partially cloudy,partly-cloudy-night,
"-22.846597372875394, -42.63389168107096",2023-11-12T05:00:00,23.6,23.6,21.4,87.67,0,9.5,,0,0,1.8,1.6,92.2,1008.7,63.7,24.1,10.7,0.1,0,5,Partially cloudy,partly-cloudy-night,
"-22.846597372875394, -42.63389168107096",2023-11-12T06:00:00,24.1,24.1,21.6,85.94,0,9.5,,0,0,1.8,1.4,125.8,1009,61.6,24.1,16,0.1,0,5,Partially cloudy,partly-cloudy-day,
"-22.846597372875394, -42.63389168107096",2023-11-12T07:00:00,25.8,25.8,21.4,77.18,0,9.5,,0,0,3.7,3.1,159.3,1009.7,69.4,24.1,136.7,0.5,1,5,Partially cloudy,partly-cloudy-day,
"-22.846597372875394, -42.63389168107096",2023-11-12T08:00:00,27.5,29.6,21.4,69.39,0,9.5,,0,0,5.6,4.8,192.7,1010.3,77.2,24.1,257.3,1,3,3,Partially cloudy,partly-cloudy-day,
"-22.846597372875394, -42.63389168107096",2023-11-12T09:00:00,29.2,31.7,21.3,62.47,0,9.5,,0,0,7.6,6.5,226.2,1011,85,24.1,378,1.4,4,3,Partially cloudy,partly-cloudy-day,
"-22.846597372875394, -42.63389168107096",2023-11-12T10:00:00,31,33.9,21.2,56.12,0,19,,0,0,6.8,6.1,244.2,1010.7,74.9,24.1,505,1.8,5,10,Partially cloudy,partly-cloudy-day,
"-22.846597372875394, -42.63389168107096",2023-11-12T11:00:00,32.8,36.1,21.2,50.48,0,19,,0,0,6.1,5.8,262.1,1010.3,64.8,24.1,632,2.3,6,10,Partially cloudy,partly-cloudy-day,
"-22.846597372875394, -42.63389168107096",2023-11-12T12:00:00,34.7,38.3,21.2,45.46,0.1,19,rain,0,0,5.4,5.4,280.1,1010,54.7,24.1,759,2.7,8,30,Partially cloudy,partly-cloudy-day,
"-22.846597372875394, -42.63389168107096",2023-11-12T13:00:00,31.7,34.7,21.2,53.7,0,19,,0,0,6.8,5.8,244.6,1009.7,50.8,24.1,625,2.2,6,3,Partially cloudy,partly-cloudy-day,
"-22.846597372875394, -42.63389168107096",2023-11-12T14:00:00,28.7,31.1,21.2,63.67,0,19,,0,0,8.3,6.1,209.2,1009.3,46.9,24.1,491,1.8,5,5,Partially cloudy,partly-cloudy-day,
"-22.846597372875394, -42.63389168107096",2023-11-12T15:00:00,25.8,25.8,21.2,75.77,0,19,,0,0,9.7,6.5,173.7,1009,43,24.1,357,1.3,4,5,Partially cloudy,partly-cloudy-day,
"-22.846597372875394, -42.63389168107096",2023-11-12T16:00:00,25.1,25.1,21.5,80.45,0,57.1,rain,0,0,8,6,162.5,1009.3,53.8,17.3,329.7,1.2,3,5,"Rain, Partially cloudy",rain,
"-22.846597372875394, -42.63389168107096",2023-11-12T17:00:00,24.4,24.4,21.8,85.44,0,57.1,rain,0,0,6.4,5.5,151.3,1009.7,64.7,10.5,302.3,1.1,3,5,"Rain, Partially cloudy",rain,
"-22.846597372875394, -42.63389168107096",2023-11-12T18:00:00,23.7,23.7,22.1,90.76,1.8,57.1,rain,0,0,4.7,5,140.1,1010,75.5,3.7,275,1,3,5,"Rain, Partially cloudy",rain,
"-22.846597372875394, -42.63389168107096",2023-11-12T19:00:00,23.3,23.3,21.9,92.04,0,57.1,rain,0,0,4.3,4.7,211.3,1010.3,55.6,10.5,183.3,0.7,0,5,"Rain, Partially cloudy",rain,
"-22.846597372875394, -42.63389168107096",2023-11-12T20:00:00,22.9,22.9,21.7,93.34,0,57.1,rain,0,0,4,4.3,282.5,1010.7,35.8,17.3,91.7,0.3,0,5,"Rain, Partially cloudy",rain,
"-22.846597372875394, -42.63389168107096",2023-11-12T21:00:00,22.5,22.5,21.6,94.66,2.3,57.1,rain,0,0,3.6,4,353.7,1011,15.9,24.1,0,0,0,5,Rain,rain,
"-22.846597372875394, -42.63389168107096",2023-11-12T22:00:00,22.5,22.5,21.5,94.47,0,19,,0,0,3.5,3.7,253.3,1010.7,13.2,24.1,0,0,0,5,Clear,clear-night,
"-22.846597372875394, -42.63389168107096",2023-11-12T23:00:00,22.5,22.5,21.5,94.27,0,19,,0,0,3.4,3.5,153,1010.3,10.5,24.1,0,0,0,5,Clear,clear-night,
"-22.846597372875394, -42.63389168107096",2023-11-13T00:00:00,22.5,22.5,21.5,94.08,0,19,,0,0,3.2,3.2,52.6,1010,7.8,24.1,0,0,0,5,Clear,clear-night,
"-22.846597372875394, -42.63389168107096",2023-11-13T01:00:00,22.4,22.4,21.4,94.46,0,19,,0,0,2.5,2.5,145.8,1009.7,22.6,24.1,0,0,0,5,Partially cloudy,partly-cloudy-night,
"-22.846597372875394, -42.63389168107096",2023-11-13T02:00:00,22.3,22.3,21.4,94.85,0,19,,0,0,1.8,1.8,238.9,1009.3,37.3,24.1,0,0,0,5,Partially cloudy,partly-cloudy-night,
"-22.846597372875394, -42.63389168107096",2023-11-13T03:00:00,22.2,22.2,21.4,95.23,0,19,,0,0,1.1,1.1,332.1,1009,52.1,24.1,0,0,0,5,Partially cloudy,partly-cloudy-night,
"-22.846597372875394, -42.63389168107096",2023-11-13T04:00:00,22.4,22.4,21.5,94.47,0,28.6,,0,0,1.6,1.3,293.8,1010,49.2,24.1,5.7,0,0,5,Partially cloudy,partly-cloudy-night,
"-22.846597372875394, -42.63389168107096",2023-11-13T05:00:00,22.7,22.7,21.6,93.71,0,28.6,,0,0,2,1.6,255.5,1011,46.4,24.1,11.3,0.1,0,5,Partially cloudy,partly-cloudy-day,
"-22.846597372875394, -42.63389168107096",2023-11-13T06:00:00,23,23,21.8,92.96,0.1,28.6,rain,0,0,2.5,1.8,217.2,1012,43.5,24.1,17,0.1,0,5,Partially cloudy,partly-cloudy-day,
"-22.846597372875394, -42.63389168107096",2023-11-13T07:00:00,25.1,25.1,21.9,82.62,0,28.6,,0,0,4.4,3.7,225.8,1012,30.7,24.1,173.3,0.6,2,5,Partially cloudy,partly-cloudy-day,
"-22.846597372875394, -42.63389168107096",2023-11-13T08:00:00,27.2,29.6,22.1,73.57,0,28.6,,0,0,6.4,5.6,234.3,1012,17.8,24.1,329.7,1.2,3,3,Clear,clear-day,
"-22.846597372875394, -42.63389168107096",2023-11-13T09:00:00,29.4,32.7,22.3,65.65,0.1,28.6,rain,0,0,8.3,7.6,242.9,1012,5,24.1,486,1.7,5,30,Clear,clear-day,
"-22.846597372875394, -42.63389168107096",2023-11-13T10:00:00,30.4,33.8,21.9,60.62,0,28.6,,0,0,9,9,228.2,1011.7,8.2,24.1,647,2.3,6,30,Clear,clear-day,
"-22.846597372875394, -42.63389168107096",2023-11-13T11:00:00,31.5,34.8,21.7,56.01,0,28.6,,0,0,9.7,10.4,213.5,1011.3,11.5,24.1,808,2.9,8,30,Clear,clear-day,
"-22.846597372875394, -42.63389168107096",2023-11-13T12:00:00,32.6,35.9,21.4,51.77,0,28.6,,0,0,10.4,11.9,198.8,1011,14.7,24.1,969,3.5,10,30,Clear,clear-day,
"-22.846597372875394, -42.63389168107096",2023-11-13T13:00:00,32,35.1,21.2,52.91,0,28.6,,0,0,10.7,11.8,193.8,1010.7,41.5,24.1,942,3.4,9,10,Partially cloudy,partly-cloudy-day,
"-22.846597372875394, -42.63389168107096",2023-11-13T14:00:00,31.4,34.2,21,54.08,0,28.6,,0,0,10.9,11.6,188.8,1010.3,68.4,24.1,915,3.3,9,10,Partially cloudy,partly-cloudy-day,
"-22.846597372875394, -42.63389168107096",2023-11-13T15:00:00,30.9,33.4,20.9,55.29,0,28.6,,0,0,11.2,11.5,183.8,1010,95.2,24.1,888,3.2,9,3,Overcast,cloudy,
"-22.846597372875394, -42.63389168107096",2023-11-13T16:00:00,28.7,31.1,21.2,63.93,0,76.2,rain,0,0,11.9,10.4,197.5,1011,66.9,24.1,694,2.5,7,3,"Rain, Partially cloudy",rain,
"-22.846597372875394, -42.63389168107096",2023-11-13T17:00:00,26.6,26.6,21.6,74.07,0,76.2,rain,0,0,12.6,9.4,211.2,1012,38.7,24.1,500,1.8,5,3,"Rain, Partially cloudy",rain,
"-22.846597372875394, -42.63389168107096",2023-11-13T18:00:00,24.5,24.5,22,85.98,0.2,76.2,rain,0,0,13.3,8.3,224.9,1013,10.4,24.1,306,1.1,3,3,Rain,rain,
"-22.846597372875394, -42.63389168107096",2023-11-13T19:00:00,23.8,23.8,21.9,89.31,0,76.2,rain,0,0,9.6,6.4,241.6,1013.7,32,24.1,204,0.7,0,3,"Rain, Partially cloudy",rain,
"-22.846597372875394, -42.63389168107096",2023-11-13T20:00:00,23.1,23.1,21.9,92.78,0,76.2,rain,0,0,5.9,4.4,258.3,1014.3,53.7,24.1,102,0.4,0,3,"Rain, Partially cloudy",rain,
"-22.846597372875394, -42.63389168107096",2023-11-13T21:00:00,22.5,22.5,21.9,96.41,0,76.2,rain,0,0,2.2,2.5,275,1015,75.3,24.1,0,0,0,3,"Rain, Partially cloudy",rain,
"-22.846597372875394, -42.63389168107096",2023-11-13T22:00:00,22.6,22.6,21.9,96.02,0,33.3,,0,0,2.4,2.4,281.4,1015,83.5,24.1,0,0,0,3,Partially cloudy,partly-cloudy-night,
"-22.846597372875394, -42.63389168107096",2023-11-13T23:00:00,22.7,22.7,21.9,95.64,0,33.3,,0,0,2.6,2.3,287.8,1015,91.8,24.1,0,0,0,10,Overcast,cloudy,
"-22.846597372875394, -42.63389168107096",2023-11-14T00:00:00,22.8,22.8,22,95.25,0.1,33.3,rain,0,0,2.9,2.2,294.2,1015,100,24.1,0,0,0,10,Overcast,cloudy,
"-22.846597372875394, -42.63389168107096",2023-11-14T01:00:00,22.9,22.9,21.9,94.29,0,33.3,,0,0,3.2,2.5,306.2,1014.3,100,24.1,0,0,0,10,Overcast,cloudy,
"-22.846597372875394, -42.63389168107096",2023-11-14T02:00:00,22.9,22.9,21.8,93.34,0,33.3,,0,0,3.6,2.9,318.3,1013.7,99.9,24.1,0,0,0,3,Overcast,cloudy,
"-22.846597372875394, -42.63389168107096",2023-11-14T03:00:00,23.1,23.1,21.8,92.4,0,33.3,,0,0,4,3.2,330.3,1013,99.9,24.1,0,0,0,3,Overcast,cloudy,
"-22.846597372875394, -42.63389168107096",2023-11-14T04:00:00,23.2,23.2,21.7,91.1,0,9.5,,0,0,4,3.2,225.5,1013.3,94.9,24.1,1.7,0,0,3,Overcast,cloudy,
"-22.846597372875394, -42.63389168107096",2023-11-14T05:00:00,23.3,23.3,21.6,89.82,0,9.5,,0,0,4,3.2,120.8,1013.7,90,24.1,3.3,0,0,3,Partially cloudy,partly-cloudy-day,
"-22.846597372875394, -42.63389168107096",2023-11-14T06:00:00,23.5,23.5,21.5,88.55,0,9.5,,0,0,4,3.2,16,1014,85,24.1,5,0,0,5,Partially cloudy,partly-cloudy-day,
"-22.846597372875394, -42.63389168107096",2023-11-14T07:00:00,25.3,25.3,21.3,78.54,0,9.5,,0,0,5.5,4.2,36.6,1013.7,90,24.1,145,0.5,1,3,Partially cloudy,partly-cloudy-day,
"-22.846597372875394, -42.63389168107096",2023-11-14T08:00:00,27.2,29.1,21.2,69.77,0,9.5,,0,0,7.1,5.2,57.1,1013.3,95,24.1,285,1,3,3,Overcast,cloudy,
"-22.846597372875394, -42.63389168107096",2023-11-14T09:00:00,29.1,31.4,21.1,62.07,0,9.5,,0,0,8.6,6.1,77.7,1013,100,24.1,425,1.5,4,3,Overcast,cloudy,
"-22.846597372875394, -42.63389168107096",2023-11-14T10:00:00,30.6,33.2,21,56.82,0,19,,0,0,9.4,7.1,85.2,1011.7,100,24.1,587,2.1,6,3,Overcast,cloudy,
"-22.846597372875394, -42.63389168107096",2023-11-14T11:00:00,32.1,35,21,52.06,0,19,,0,0,10.1,8,92.8,1010.3,100,24.1,749,2.7,7,3,Overcast,cloudy,
"-22.846597372875394, -42.63389168107096",2023-11-14T12:00:00,33.6,36.7,21,47.75,0,19,,0,0,10.8,9,100.3,1009,100,24.1,911,3.3,9,30,Overcast,cloudy,
"-22.846597372875394, -42.63389168107096",2023-11-14T13:00:00,33.9,37.5,21.2,47.47,0,19,,0,0,10.7,8.5,99.7,1008,98.9,24.1,878.3,3.2,9,30,Overcast,cloudy,
"-22.846597372875394, -42.63389168107096",2023-11-14T14:00:00,34.4,38.2,21.5,47.18,0,19,,0,0,10.6,8,99,1007,97.7,24.1,845.7,3,8,30,Overcast,cloudy,
"-22.846597372875394, -42.63389168107096",2023-11-14T15:00:00,34.8,39,21.8,46.9,0,19,,0,0,10.4,7.6,98.4,1006,96.6,24.1,813,2.9,8,60,Overcast,cloudy,
"-22.846597372875394, -42.63389168107096",2023-11-14T16:00:00,32.3,36.4,22.2,55.19,0,57.1,rain,0,0,10.3,7.6,97.7,1006,88,24.1,643.7,2.3,6,15,"Rain, Partially cloudy",rain,
"-22.846597372875394, -42.63389168107096",2023-11-14T17:00:00,29.9,33.7,22.6,65.1,0,57.1,rain,0,0,10.2,7.6,96.9,1006,79.4,24.1,474.3,1.7,5,8,"Rain, Partially cloudy",rain,
"-22.846597372875394, -42.63389168107096",2023-11-14T18:00:00,27.5,30.4,23.1,76.96,0,57.1,rain,0,0,10.1,7.6,96.2,1006,70.8,24.1,305,1.1,3,15,"Rain, Partially cloudy",rain,
"-22.846597372875394, -42.63389168107096",2023-11-14T19:00:00,26.5,26.5,22.6,79.19,0,57.1,rain,0,0,9,7,82,1006,77.3,24.1,203.3,0.7,0,15,"Rain, Partially cloudy",rain,
"-22.846597372875394, -42.63389168107096",2023-11-14T20:00:00,25.6,25.6,22.2,81.51,0,57.1,rain,0,0,7.9,6.4,67.9,1006,83.9,24.1,101.7,0.4,0,5,"Rain, Partially cloudy",rain,
"-22.846597372875394, -42.63389168107096",2023-11-14T21:00:00,24.7,24.7,21.8,83.92,0,57.1,rain,0,0,6.8,5.8,53.7,1006,90.4,24.1,0,0,0,5,"Rain, Overcast",rain,
"-22.846597372875394, -42.63389168107096",2023-11-14T22:00:00,24.6,24.6,21.5,83.23,0,33.3,,0,0,5.6,4.8,117.5,1006.3,93.6,24.1,0,0,0,5,Overcast,cloudy,
"-22.846597372875394, -42.63389168107096",2023-11-14T23:00:00,24.5,24.5,21.3,82.54,0,33.3,,0,0,4.4,3.8,181.4,1006.7,96.8,24.1,0,0,0,5,Overcast,cloudy,
"-22.846597372875394, -42.63389168107096",2023-11-15T00:00:00,24.4,24.4,21.1,81.86,0,33.3,,0,0,3.2,2.9,245.2,1007,100,24.1,0,0,0,5,Overcast,cloudy,
"-22.846597372875394, -42.63389168107096",2023-11-15T01:00:00,24.5,24.5,20.9,80.71,0,33.3,,0,0,4.2,4.2,174.2,1006.3,91.9,24.1,0,0,0,5,Overcast,cloudy,
"-22.846597372875394, -42.63389168107096",2023-11-15T02:00:00,24.6,24.6,20.8,79.57,0,33.3,,0,0,5.2,5.5,103.1,1005.7,83.7,24.1,0,0,0,5,Partially cloudy,partly-cloudy-night,
"-22.846597372875394, -42.63389168107096",2023-11-15T03:00:00,24.7,24.7,20.7,78.45,0,33.3,,0,0,6.1,6.8,32.1,1005,75.6,24.1,0,0,0,5,Partially cloudy,partly-cloudy-night,
"-22.846597372875394, -42.63389168107096",2023-11-15T04:00:00,25.1,25.1,20.7,76.6,0,19,,0,0,6.2,6.5,31.5,1005,83.7,24.1,6,0,0,5,Partially cloudy,partly-cloudy-night,
"-22.846597372875394, -42.63389168107096",2023-11-15T05:00:00,25.5,25.5,20.7,74.79,0,19,,0,0,6.4,6.1,30.9,1005,91.9,24.1,12,0.1,0,5,Overcast,cloudy,
"-22.846597372875394, -42.63389168107096",2023-11-15T06:00:00,25.9,25.9,20.7,73.04,0,19,,0,0,6.5,5.8,30.3,1005,100,24.1,18,0.1,0,5,Overcast,cloudy,
"-22.846597372875394, -42.63389168107096",2023-11-15T07:00:00,29,30.7,19.9,58.1,0,19,,0,0,10.1,7,128.1,1005,100,24.1,171.7,0.6,2,5,Overcast,cloudy,
"-22.846597372875394, -42.63389168107096",2023-11-15T08:00:00,32.1,33.7,19.2,46.4,0,19,,0,0,13.7,8.2,226,1005,99.9,24.1,325.3,1.2,3,5,Overcast,cloudy,
"-22.846597372875394, -42.63389168107096",2023-11-15T09:00:00,35.3,36.8,18.5,37.2,0,19,,0,0,17.3,9.4,323.8,1005,99.9,24.1,479,1.7,5,3,Overcast,cloudy,
"-22.846597372875394, -42.63389168107096",2023-11-15T10:00:00,37.1,38.5,17.7,31.98,0,28.6,,0,0,19.8,9.8,302.8,1004.3,94,24.1,635.7,2.3,6,10,Overcast,cloudy,
"-22.846597372875394, -42.63389168107096",2023-11-15T11:00:00,38.9,40.2,16.9,27.53,0,28.6,,0,0,22.3,10.3,281.9,1003.7,88,24.1,792.3,2.8,8,10,Partially cloudy,partly-cloudy-day,
"-22.846597372875394, -42.63389168107096",2023-11-15T12:00:00,40.8,41.8,16.1,23.72,0,28.6,,0,0,24.8,10.8,260.9,1003,82.1,24.1,949,3.4,9,10,Partially cloudy,partly-cloudy-day,
"-22.846597372875394, -42.63389168107096",2023-11-15T13:00:00,40.2,41.4,16.4,24.92,0,28.6,,0,0,23.4,12.7,234.5,1002.3,61.9,24.1,923.3,3.3,9,10,Partially cloudy,partly-cloudy-day,
"-22.846597372875394, -42.63389168107096",2023-11-15T14:00:00,39.6,40.9,16.7,26.18,0,28.6,,0,0,22,14.6,208,1001.7,41.7,24.1,897.7,3.2,9,10,Partially cloudy,partly-cloudy-day,
"-22.846597372875394, -42.63389168107096",2023-11-15T15:00:00,39.1,40.4,17,27.51,0.1,28.6,rain,0,0,20.5,16.6,181.6,1001,21.5,24.1,872,3.1,9,10,Partially cloudy,partly-cloudy-day,
"-22.846597372875394, -42.63389168107096",2023-11-15T16:00:00,34.7,36.1,18.4,38.3,0,66.7,rain,0,0,21.4,12.8,180.9,1003,16.3,24.1,651,2.3,7,3,Rain,rain,
"-22.846597372875394, -42.63389168107096",2023-11-15T17:00:00,30.3,32.1,19.8,53.68,0,66.7,rain,0,0,22.2,9.1,180.2,1005,11,24.1,430,1.6,4,3,Rain,rain,
"-22.846597372875394, -42.63389168107096",2023-11-15T18:00:00,25.9,25.9,21.3,75.78,0.2,66.7,rain,0,0,23,5.4,179.5,1007,5.8,24.1,209,0.8,2,5,Rain,rain,
"-22.846597372875394, -42.63389168107096",2023-11-15T19:00:00,25.3,25.3,21.4,79.18,0,66.7,rain,0,0,16.3,4.6,206.7,1007.7,37.2,24.1,139.3,0.5,0,5,"Rain, Partially cloudy",rain,
"-22.846597372875394, -42.63389168107096",2023-11-15T20:00:00,24.7,24.7,21.5,82.74,0,66.7,rain,0,0,9.6,3.7,233.9,1008.3,68.6,24.1,69.7,0.3,0,5,"Rain, Partially cloudy",rain,
"-22.846597372875394, -42.63389168107096",2023-11-15T21:00:00,24.1,24.1,21.7,86.47,0,66.7,rain,0,0,2.9,2.9,261.1,1009,100,24.1,0,0,0,5,"Rain, Overcast",rain,
"-22.846597372875394, -42.63389168107096",2023-11-15T22:00:00,23.9,23.9,21.9,88.59,0,42.9,,0,0,4.3,2.4,236.6,1009,100,24,0,0,0,5,Overcast,cloudy,
"-22.846597372875394, -42.63389168107096",2023-11-15T23:00:00,23.7,23.7,22.1,90.76,0,42.9,,0,0,5.8,1.9,212.1,1009,100,24,0,0,0,5,Overcast,cloudy,
"-22.846597372875394, -42.63389168107096",2023-11-16T00:00:00,23.6,23.6,22.4,92.99,0.2,42.9,rain,0,0,7.2,1.4,187.6,1009,100,23.9,0,0,0,3,Overcast,cloudy,
"-22.846597372875394, -42.63389168107096",2023-11-16T01:00:00,22.9,22.9,21.7,92.96,0,42.9,,0,0,11.9,5,186,1009,100,22.9,0,0,0,3,Overcast,cloudy,
"-22.846597372875394, -42.63389168107096",2023-11-16T02:00:00,22.3,22.3,21.1,92.93,0,42.9,,0,0,16.6,8.6,184.4,1009,100,22,0,0,0,10,Overcast,cloudy,
"-22.846597372875394, -42.63389168107096",2023-11-16T03:00:00,21.7,21.7,20.5,92.89,0.4,42.9,rain,0,0,21.2,12.2,182.8,1009,100,21,0,0,0,10,Overcast,cloudy,
"-22.846597372875394, -42.63389168107096",2023-11-16T04:00:00,21.5,21.5,20.3,92.89,0,23.8,,0,0,17.2,9.4,207.8,1009.7,100,22,0.7,0,0,10,Overcast,cloudy,
"-22.846597372875394, -42.63389168107096",2023-11-16T05:00:00,21.3,21.3,20.1,92.88,0,23.8,,0,0,13.1,6.5,232.8,1010.3,100,23.1,1.3,0,0,10,Overcast,cloudy,
"-22.846597372875394, -42.63389168107096",2023-11-16T06:00:00,21.2,21.2,20,92.87,0.8,23.8,rain,0,0,9,3.6,257.8,1011,100,24.1,2,0,0,10,Overcast,cloudy,
"-22.846597372875394, -42.63389168107096",2023-11-16T07:00:00,21.3,21.3,19.9,91.54,0,23.8,,0,0,8.5,3.8,261.1,1011.3,100,24.1,16.3,0.1,0,10,Overcast,cloudy,
"-22.846597372875394, -42.63389168107096",2023-11-16T08:00:00,21.4,21.4,19.8,90.24,0,23.8,,0,0,8,4.1,264.4,1011.7,100,24.1,30.7,0.1,0,10,Overcast,cloudy,
"-22.846597372875394, -42.63389168107096",2023-11-16T09:00:00,21.6,21.6,19.7,88.95,0.3,23.8,rain,0,0,7.6,4.3,267.7,1012,100,24.1,45,0.2,0,10,Overcast,cloudy,
"-22.846597372875394, -42.63389168107096",2023-11-16T10:00:00,21.9,21.9,19.6,86.44,0,33.3,,0,0,8.6,5.8,240.8,1012,100,24.1,81.3,0.3,1,10,Overcast,cloudy,
"-22.846597372875394, -42.63389168107096",2023-11-16T11:00:00,22.3,22.3,19.5,84.01,0,33.3,,0,0,9.7,7.2,213.8,1012,100,24.1,117.7,0.5,1,10,Overcast,cloudy,
"-22.846597372875394, -42.63389168107096",2023-11-16T12:00:00,22.7,22.7,19.4,81.65,0.2,33.3,rain,0,0,10.8,8.6,186.9,1012,100,24.1,154,0.6,2,10,Overcast,cloudy,
"-22.846597372875394, -42.63389168107096",2023-11-16T13:00:00,22.3,22.3,18.7,80.09,0,33.3,,0,0,11.3,8.6,183,1011.7,99.6,24.1,149.3,0.6,1,10,Overcast,cloudy,
"-22.846597372875394, -42.63389168107096",2023-11-16T14:00:00,22,22,18.1,78.55,0,33.3,,0,0,11.8,8.6,179,1011.3,99.3,24.1,144.7,0.5,1,10,Overcast,cloudy,
"-22.846597372875394, -42.63389168107096",2023-11-16T15:00:00,21.7,21.7,17.5,77.03,0.1,33.3,rain,0,0,12.2,8.6,175.1,1011,98.9,24.1,140,0.5,1,10,Overcast,cloudy,
"-22.846597372875394, -42.63389168107096",2023-11-16T16:00:00,21.5,21.5,17.6,78.32,0,47.6,rain,0,0,9.4,6.5,183.2,1011.3,99.3,24.1,115.3,0.4,1,10,"Rain, Overcast",rain,
"-22.846597372875394, -42.63389168107096",2023-11-16T17:00:00,21.4,21.4,17.7,79.63,0,47.6,rain,0,0,6.5,4.3,191.4,1011.7,99.6,24.1,90.7,0.3,1,10,"Rain, Overcast",rain,
"-22.846597372875394, -42.63389168107096",2023-11-16T18:00:00,21.3,21.3,17.9,80.96,0,47.6,rain,0,0,3.6,2.2,199.5,1012,100,24.1,66,0.2,1,10,"Rain, Overcast",rain,
"-22.846597372875394, -42.63389168107096",2023-11-16T19:00:00,21.1,21.1,18,82.82,0,47.6,rain,0,0,3.5,2.5,251.7,1012.7,100,24.1,44,0.1,0,10,"Rain, Overcast",rain,
"-22.846597372875394, -42.63389168107096",2023-11-16T20:00:00,20.9,20.9,18.2,84.73,0,47.6,rain,0,0,3.4,2.9,303.9,1013.3,100,24.1,22,0.1,0,10,"Rain, Overcast",rain,
"-22.846597372875394, -42.63389168107096",2023-11-16T21:00:00,20.7,20.7,18.4,86.68,0.2,47.6,rain,0,0,3.2,3.2,356.1,1014,100,24.1,0,0,0,10,"Rain, Overcast",rain,
"-22.846597372875394, -42.63389168107096",2023-11-16T22:00:00,20.6,20.6,18.3,86.85,0,28.6,,0,0,3,2.9,250.3,1014,100,24.1,0,0,0,10,Overcast,cloudy,
"-22.846597372875394, -42.63389168107096",2023-11-16T23:00:00,20.5,20.5,18.2,87.03,0,28.6,,0,0,2.8,2.5,144.5,1014,100,24.1,0,0,0,10,Overcast,cloudy,
